{
  "ruleNameArrayList": [
    "AutoCancelLastDayofCurrentMonth",
	"DoNotUpdateCOBRAMembers",
	"Start1stofPriorMonth",
    "PrescriptionDrugCoverageSubmittedOnFile",
    "UpdateCOBRAMembers",
    "WaitingPeriod0Day",
    "AcceptFileValuesforDeductibles",
    "AcceptFileValuesforDeductiblesOutofNetwork",
    "DoNotUpdateMembersCoveredCodeWithFileValues",
    "AcceptandRequireEmploymentStartDateonFile",
    "IDCardPrint3DayWait",
    "ManagedCareIDCardSwitchOn",
    "DoNotUpdateMedicareData",
    "MemberSSNIsAccepted",
    "MultipleMemberTransactionsAreNotAllowed",
    "OptInsNotAllowed",
    "AcceptFileValuesforOOP",
    "AcceptFileValuesforOOPOutofNetwork",
    "FileAddressIsAlwaysCorrect",
    "PCPDefaultsNotAssigned",
    "DoNotUpdatePCPInformation",
    "PartialTransactionsAreNotAllowed",
    "AllowUpdatetoRetirementDateandRRTicRel",
    "UpdateSalaryOOPandDeductibleInformation",
    "AcceptandRequireStartDatesonFileStartDateChangesNotAllowed",
    "SubscriberDerivedBySurvivorXrefID",
    "TermOnDateOfRequest",
    "DoNotTerminateUnmatchedCoverage"
  ],
  "statistics": {
    "nbrOfAdds": 0, 
    "nbrOfChgDemographics": 0,
    "nbrOfChgCoverage": 0,
    "nbrOfChgAddress": 0,
    "nbrOfErrors": 0,
    "nbrOfTerms": 0,
    "nbrOfChanges": 0,
    "nbrOfChgFirstName": 0,
    "nbrOfChgLastName": 0,
    "nbrOfChgMiddleInitial": 0,
    "nbrOfChgRelationshipCode": 0,
    "nbrOfChgGender": 0,
    "nbrOfChgBirthDate": 0,
    "nbrOfChgMedicareStartDate": 0,
    "nbrOfChgPayeeInformation": 0,
    "nbrOfChgCareOfAddress": 0,
    "nbrOfChgStreetAddress": 0,
    "nbrOfChgCity": 0,
    "nbrOfChgState": 0,
    "nbrOfChgZip": 0,
    "nbrOfChgPlanVariation": 0,
    "nbrOfChgReportingCode": 0,
    "nbrOfChgStatus": 0,
    "nbrOfChgMemberCoveredCode": 0,
    "nbrOfChgCancelReason": 0,
    "nbrOfChgSalary": 0,
    "transactionSetId": 0
  },
  "addressZipCodeList": {
    "list": [
      {
        "zipCode": "60506",
        "stateCode": "IL",
        "eligSysInd": "1"
      }
    ]
  },	
  "submissionGroup": {
	"contactList": {
      "list": [
        {
          "contactId": 52360,
          "officeCode": {
            "code": "1",
            "description": "Basking Ridge"
          },
          "lastName": "VINOD",
          "firstName": "KUMAR",
          "middleName": "     ",
          "telephoneList": {
            "list": [
              {
                "areaCode": "769",
                "number": "6989868",
                "extension": "96889",
                "cmnctSeqNbr": 1
              }
            ]
          },
          "addressList": {
            "list": [
              {
                "street1": "BHEL ",
                "street2": "     ",
                "city": "HYDERABAD                     ",
                "state": "AK",
                "zip": "89708 ",
                "extendedZip": "0780"
              }
            ]
          },
          "email": "vinod_vemareddy@optum.com",
          "contactType": {
            "code": "E",
            "description": "EEA"
          },
          "teamEffectiveDate": "2016-07-11",
          "teamEndDate": "2025-12-31",
          "teamNameCode": {
            "code": "1",
            "description": "Team A"
          },
          "eeUserId": "eexts001       ",
          "portalTyp": 1
        },
        {
          "contactId": 52364,
          "officeCode": {
            "code": "1",
            "description": "Basking Ridge"
          },
          "lastName": "Manik",
          "firstName": "kandan                        ",
          "middleName": "     ",
          "telephoneList": {
            "list": [
              {
                "areaCode": "545",
                "number": "4875745",
                "extension": "45142",
                "cmnctSeqNbr": 1
              }
            ]
          },
          "addressList": {
            "list": [
              {
                "street1": "BHEK ",
                "street2": "     ",
                "city": "City ",
                "state": "AK",
                "zip": "75445 ",
                "extendedZip": "8745"
              }
            ]
          },
          "email": "sireesha_mvl@optum.com   ",
          "contactType": {
            "code": "E",
            "description": "EEA"
          },
          "teamEffectiveDate": "2016-07-11",
          "teamEndDate": "2025-12-31",
          "teamNameCode": {
            "code": "1",
            "description": "Team A"
          },
          "eeUserId": "               ",
          "portalTyp": 1
        },
        {
          "contactId": 256,
          "lastName": "R    ",
          "firstName": "Srinivasu                     ",
          "middleName": "     ",
          "telephoneList": {
            "list": [
              {
                "areaCode": "333",
                "number": "3333333",
                "cmnctSeqNbr": 1
              }
            ]
          },
          "addressList": {
            "list": [
              {
                "street1": "Hyd  ",
                "street2": "     ",
                "city": "Hyd  ",
                "state": "IN",
                "zip": "34455 ",
                "extendedZip": "3456"
              }
            ]
          },
          "email": "raghumandla_srinivasu@optum.com                   ",
          "contactType": {
            "code": "C",
            "description": "Customer"
          },
          "eeUserId": "               ",
          "portalTyp": 1
        }
      ]
    },
    "demographics": {
      "fileDirectoryName": "",
      "submissionGroupParentId": "IIBCERTC",
      
     
      "frequencyCode": {
        "code": "7",
        "description": "Weekly"
      },
      "fileIndicator": {
        "code": "1",
        "description": "CHANGES_ONLY"
      },
      "complexityRating": 30,
      "profileName": "IIBCERTC",
      "fileFormatTypeCode": {
        "code": "14",
        "description": "MODIFIED GATE STANDARD FORMAT"
      },
      "marketSegment": {
        "code": "2",
        "description": "KEY ACCOUNTS"
      },
      "nextFileExpectedDate": "2019-09-23",
      "transmitCode": {
        "code": "1",
        "description": "FTP"
      },
      "profileType": {
        "code": "3",
        "description": "SubmissionGroup"
      },
      "profileId": "IIBCERTC",
      "profileStatus": {
        "code": "1",
        "description": "PRODUCTION"
      },
      "customerNumber": "0999151",
      "cosmosGroup": "",
      "cosmosDivision": "",
      "policyNumber": "0999151",
      "autoCancelIndicator": {
        "code": "2",
        "description": "No"
      },
      "submissionGroupId": 34468,
      "submissionGroupPopulation": 10000,
      "thresholdList": {
        "list": [
          {
            "thresholdType": {
              "code": "1",
              "description": "Threshold Add"
            },
            "thresholdPercentage": 100
          },
          {
            "thresholdType": {
              "code": "32",
              "description": "Threshold Error"
            },
            "thresholdPercentage": 100
          },
          {
            "thresholdType": {
              "code": "2",
              "description": "Threshold Demographics"
            },
            "thresholdPercentage": 100
          },
          {
            "thresholdType": {
              "code": "16",
              "description": "Threshold Termination"
            },
            "thresholdPercentage": 100
          },
          {
            "thresholdType": {
              "code": "4",
              "description": "Threshold Address"
            },
            "thresholdPercentage": 100
          },
          {
            "thresholdType": {
              "code": "8",
              "description": "Threshold Coverage"
            },
            "thresholdPercentage": 100
          }
        ]
      },
      "versionsList": {
        "list": [
          {
            "profileVersionNumber": 13,
            "versionEffectiveDate": "2019-07-11",
            "profileName": "IIBCERTC"
          }
        ]
      },
      "versionEffectiveDate": "",
      "legalEntity": "",
      "openEnrollmentDate": "0101",
     
      "vendorList": {
        "list": []
      },
      "domesticStreetAddress1": "",
      "domesticStreetAddress2": "",
      "domesticCity": "",
      "domesticStateCode": "",
      "domesticPostalCode": "",
      "domesticPostalExtensionCode": "",
      
      "preexistingInfoIndicator": "N",
      "enrollmentReasonCodeRequired": "N",
      "eeUserId": "e3testid",
      "userDateTime": "2019-07-11",
      
      "vbdMappingIndicator": {
        "code": "2",
        "description": "No"
      },
      "spapIndicator": {
        "code": "2",
        "description": "No"
      },
      "series800Indicator": {
        "code": "2",
        "description": "No"
      },
      "billGrpIndicator": {
        "code": "2",
        "description": "No"
      },
      "multiBrchIndicator": {
        "code": "2",
        "description": "No"
      },
      "securityAccess": {
        "code": "0",
        "description": "No Restriction"
      }
    },
    "prdList": {
      "list": []
    },
    "rulesConfigurationList": {
		"list":[
			{
			  "assignedRuleList": {
				"list": []
			  },
			  "ruleCategoryName": "Age Band",
			  "categoryRuleList": {
				"list": [
				  {
					"ruleId": 1300,
					"ruleName": "AgeBandRemainsAsIs",
					"ruleCategoryName": "Age Band",
					"ruleDescription": "Effective date of change is effective the date of birth.",
					"code": "1300",
					"description": "Calculate Age Slab based on the check if the birth month is greater than the effective date or change transaction date(depending on new/reinstate or existing member), then reduce age difference by one year."
				  },
				  {
					"ruleId": 1310,
					"ruleName": "AgeBandAsSettoFirstDayofNextMonth",
					"ruleCategoryName": "Age Band",
					"ruleDescription": "Effective date of change is effective the first of the month following the date of birth.",
					"code": "1310",
					"description": "Calculate Age Slab based on the check if the birth month is greater than the effective date or change transaction date(depending on new/reinstate or existing member), then reduce age difference by one year."
				  },
				  {
					"ruleId": 1320,
					"ruleName": "SpecificLogicforAgeBand",
					"ruleCategoryName": "Age Band",
					"ruleDescription": "If the birthdate is in the first 15 days of the month, the change is effective first of the month of the date of birth, if the birthdate is the 16th through the end of the month then the change is the first of the month following the date of birth.",
					"code": "1320",
					"description": "Calculate Age Slab based on the check if the birth month is greater than the effective date or change transaction date(depending on new/reinstate or existing member), then reduce age difference by one year."
				  },
				  {
					"ruleId": 1330,
					"ruleName": "AgeBandSettoFirstDayofNextMonthIfNotFirst",
					"ruleCategoryName": "Age Band",
					"ruleDescription": "If the birthdate is equal to the first of the month then the change is effective first of the month of the date of birth, otherwise the change is effective the first of the month following the date of birth.",
					"code": "1330",
					"description": "Calculate Age Slab based on the check if the birth month is greater than the effective date or change transaction date(depending on new/reinstate or existing member), then reduce age difference by one year."
				  },
				  {
					"ruleId": 1340,
					"ruleName": "AgeBandAsSettoFirstCurrentMonth",
					"ruleCategoryName": "Age Band",
					"ruleDescription": "Effective date of change is effective the first of the current month of the date of birth.",
					"code": "1340",
					"description": "Calculate Age Slab based on the check if the birth month is greater than the change transaction date(depending on new/reinstate or existing member), then reduce age difference by one year."
				  },
				  {
					"ruleId": 1350,
					"ruleName": "NoAgeBandApplicable",
					"ruleCategoryName": "Age Band",
					"ruleDescription": "Age bands are supplied in File.",
					"code": "1350",
					"description": "Age bands are supplied in File."
				  }
				]
			  }
			}
		]
	  },
	"vbdMapRule": {},
    "docSuppPref": "STD"
  },
  "storeCesCaseStructureRequest":{  
		"benefitSetRecordMapList":[
			{
			"key":{
					"coverageBenefitSet":"ACIS003",
					"benefitSetCoverage":"G",
					"benefitSetCustomerNumber":"0999151",
					"benefitSetPolicy":"0999151"
				},
			"record":{
				"benefitSetCustomerNumber": "0999151",
				"benefitSetCoverage": "G",
				"benefitPlanEffectiveDate": "2014-01-01",
				"benefitPlanRetroTime": 60,
				"benefitPlanRetroRstrcIndicator": "M",
				"benefitSetPolicy": "0999151",
				"coverageBenefitSet": "ACIS003",
				"obligorId": "01",
				"optumCode": "Y",
				"benefitSetList": {
				  "list": [
					{
					  "benefitPlanStartDate": "2014-01-01",
					  "benefitPlanFinIndicator": "F",
					  "benefitPlanSupplementalLifeIndicator": "\u0000",
					  "benefitPlanDependentLifeIndicator": "\u0000",
					  "benefitPlanLifeSpouseAmount": 0,
					  "benefitPlanLifeDependentAmount": 0,
					  "benefitPlanCriticallyIllInd": "\u0000",
					  "benefitPlanCriticallyIllAmount": 0,
					  "benefitPlanLifeFutureRider1Ind": "\u0000",
					  "benefitPlanLifeFutureRider1Amt": 0,
					  "benefitPlanLifeFutureRider2Ind": "\u0000",
					  "benefitPlanLifeFutureRider2Amt": 0,
					  "benefitPlanBasicRoundingCode": "\u0000",
					  "benefitPlanLifeSuppRoundingCode": "\u0000",
					  "benefitPlanLifeAgeReduceIndicator": "\u0000",
					  "benefitPlanLifeFinIndicator": "\u0000",
					  "benefitPlanLifeSuppADDIndicator": "\u0000",
					  "benefitPlanLifeSuppADDRoundingCd": "\u0000",
					  "iPlanIndicator": "1",
					  "ubhVendorCode": "N",
					  "employeeAssistCode": "N",
					  "urnVendorTypeCode": "N",
					  "travelIndicator": "N",
					  "processState": "0000",
					  "stateOfIssueCode": "FL"
					}
				  ]
				}
			  }
			},
			{
				"key":{
					"coverageBenefitSet":"ACIS003",
					"benefitSetCoverage":"M",
					"benefitSetCustomerNumber":"0999151",
					"benefitSetPolicy":"0999151"
				},
				"record":{
					"benefitSetCustomerNumber": "0999151",
					"benefitSetCoverage": "M",
					"benefitPlanEffectiveDate": "2014-01-01",
					"benefitPlanRetroTime": 60,
					"benefitPlanRetroRstrcIndicator": "M",
					"benefitSetPolicy": "0999151",
					"coverageBenefitSet": "ACIS003",
					"obligorId": "01",
					"optumCode": "Y",
					"benefitSetList": {
					  "list": [
						{
						  "benefitPlanStartDate": "2014-01-01",
						  "benefitPlanFinIndicator": "F",
						  "benefitPlanSupplementalLifeIndicator": "\u0000",
						  "benefitPlanDependentLifeIndicator": "\u0000",
						  "benefitPlanLifeSpouseAmount": 0,
						  "benefitPlanLifeDependentAmount": 0,
						  "benefitPlanCriticallyIllInd": "\u0000",
						  "benefitPlanCriticallyIllAmount": 0,
						  "benefitPlanLifeFutureRider1Ind": "\u0000",
						  "benefitPlanLifeFutureRider1Amt": 0,
						  "benefitPlanLifeFutureRider2Ind": "\u0000",
						  "benefitPlanLifeFutureRider2Amt": 0,
						  "benefitPlanBasicRoundingCode": "\u0000",
						  "benefitPlanLifeSuppRoundingCode": "\u0000",
						  "benefitPlanLifeAgeReduceIndicator": "\u0000",
						  "benefitPlanLifeFinIndicator": "\u0000",
						  "benefitPlanLifeSuppADDIndicator": "\u0000",
						  "benefitPlanLifeSuppADDRoundingCd": "\u0000",
						  "iPlanIndicator": "1",
						  "ubhVendorCode": "O",
						  "employeeAssistCode": "E",
						  "urnVendorTypeCode": "Y",
						  "travelIndicator": "N",
						  "processState": "0000",
						  "stateOfIssueCode": "FL"
						}
					  ]
					}
				}
			},
			{
				"key":{
					"coverageBenefitSet":"ACIS003",
					"benefitSetCoverage":"B",
					"benefitSetCustomerNumber":"0999151",
					"benefitSetPolicy":"0999151"
				},
				"record":{
					"benefitSetCustomerNumber": "0999151",
					"benefitSetCoverage": "B",
					"benefitPlanEffectiveDate": "2014-01-01",
					"benefitPlanRetroTime": 60,
					"benefitPlanRetroRstrcIndicator": "M",
					"benefitSetPolicy": "0999151",
					"coverageBenefitSet": "ACIS003",
					"obligorId": "01",
					"optumCode": "Y",
					"benefitSetList": {
					  "list": [
						{
						  "benefitPlanStartDate": "2014-01-01",
						  "benefitPlanFinIndicator": "F",
						  "benefitPlanSupplementalLifeIndicator": "\u0000",
						  "benefitPlanDependentLifeIndicator": "\u0000",
						  "benefitPlanLifeSpouseAmount": 0,
						  "benefitPlanLifeDependentAmount": 0,
						  "benefitPlanCriticallyIllInd": "\u0000",
						  "benefitPlanCriticallyIllAmount": 0,
						  "benefitPlanLifeFutureRider1Ind": "\u0000",
						  "benefitPlanLifeFutureRider1Amt": 0,
						  "benefitPlanLifeFutureRider2Ind": "\u0000",
						  "benefitPlanLifeFutureRider2Amt": 0,
						  "benefitPlanBasicRoundingCode": "\u0000",
						  "benefitPlanLifeSuppRoundingCode": "\u0000",
						  "benefitPlanLifeAgeReduceIndicator": "\u0000",
						  "benefitPlanLifeFinIndicator": "\u0000",
						  "benefitPlanLifeSuppADDIndicator": "\u0000",
						  "benefitPlanLifeSuppADDRoundingCd": "\u0000",
						  "iPlanIndicator": "1",
						  "ubhVendorCode": "O",
						  "employeeAssistCode": "N",
						  "urnVendorTypeCode": "N",
						  "travelIndicator": "N",
						  "processState": "0000",
						  "stateOfIssueCode": "FL"
						}
					  ]
					}
				}
			},
			{
				"key":{
					"coverageBenefitSet":"ACIS003",
					"benefitSetCoverage":"E",
					"benefitSetCustomerNumber":"0999151",
					"benefitSetPolicy":"0999151"
				},
				"record":{
					"benefitSetCustomerNumber": "0999151",
					"benefitSetCoverage": "E",
					"benefitPlanEffectiveDate": "2014-01-01",
					"benefitPlanRetroTime": 60,
					"benefitPlanRetroRstrcIndicator": "M",
					"benefitSetPolicy": "0999151",
					"coverageBenefitSet": "ACIS003",
					"obligorId": "01",
					"optumCode": "Y",
					"benefitSetList": {
					  "list": [
						{
						  "benefitPlanStartDate": "2014-01-01",
						  "benefitPlanFinIndicator": "F",
						  "benefitPlanSupplementalLifeIndicator": "\u0000",
						  "benefitPlanDependentLifeIndicator": "\u0000",
						  "benefitPlanLifeSpouseAmount": 0,
						  "benefitPlanLifeDependentAmount": 0,
						  "benefitPlanCriticallyIllInd": "\u0000",
						  "benefitPlanCriticallyIllAmount": 0,
						  "benefitPlanLifeFutureRider1Ind": "\u0000",
						  "benefitPlanLifeFutureRider1Amt": 0,
						  "benefitPlanLifeFutureRider2Ind": "\u0000",
						  "benefitPlanLifeFutureRider2Amt": 0,
						  "benefitPlanBasicRoundingCode": "\u0000",
						  "benefitPlanLifeSuppRoundingCode": "\u0000",
						  "benefitPlanLifeAgeReduceIndicator": "\u0000",
						  "benefitPlanLifeFinIndicator": "\u0000",
						  "benefitPlanLifeSuppADDIndicator": "\u0000",
						  "benefitPlanLifeSuppADDRoundingCd": "\u0000",
						  "iPlanIndicator": "1",
						  "ubhVendorCode": "N",
						  "employeeAssistCode": "E",
						  "urnVendorTypeCode": "N",
						  "travelIndicator": "N",
						  "processState": "0000",
						  "stateOfIssueCode": "FL"
						}
					  ]
					}
				}
			}
		],
		"coveragePlanRecordMapList":[
			{
				"key":{
					"typeCode":"M",
					"policyNumber":"0999151",
					"planVariationCode":"0003",
					"reportingCode":"0003",
					"hiosId":null
				},
				"record":{
					"coveragePlanCustomerNumber": "0999151",
					"coveragePlanCoverage": "M",
					"coveragePlanList": {
					  "list": [
						{
						  "icCoverageStartDate": "2019-07-01",
						  "icCoverageStopDate": null,
						  "icCoverageBenefitSetCode": "ACIS003",
						  "icCoverageProductType": "Q",
						  "icCoverageProductCode": "PS1M11O9999",
						  "coverageMarketType": "50",
						  "coverageDependentIndicator": "Y",
						  "coverageDependentEligibilityIndicator": "N",
						  "coverageLongTermDisabilityIndicator": " ",
						  "coverageListBillIndicator": "N",
						  "coverageFbiIndicator": " ",
						  "coveragePassportGroup": 0,
						  "coverageAccountCode": 0,
						  "coverageSuffxCode": "AB",
						  "coverageSubGroup": "01003",
						  "coverageIssueCertIndicator": " ",
						  "coverageEbillDate": null,
						  "coveragePlanCode": "V",
						  "eligSystemCode": "01",
						  "claimSystemCode": "03",
						  "deriveCoverageInd": "N"
						},
						{
						  "icCoverageStartDate": "2014-01-01",
						  "icCoverageStopDate": "2019-06-30",
						  "icCoverageBenefitSetCode": "ACIS003",
						  "icCoverageProductType": "Q",
						  "icCoverageProductCode": "PS1M11O9999",
						  "coverageMarketType": "50",
						  "coverageDependentIndicator": "Y",
						  "coverageDependentEligibilityIndicator": "N",
						  "coverageLongTermDisabilityIndicator": " ",
						  "coverageListBillIndicator": "N",
						  "coverageFbiIndicator": " ",
						  "coveragePassportGroup": 0,
						  "coverageAccountCode": 0,
						  "coverageSuffxCode": "AB",
						  "coverageSubGroup": "01003",
						  "coverageIssueCertIndicator": " ",
						  "coverageEbillDate": null,
						  "coveragePlanCode": "V",
						  "eligSystemCode": "01",
						  "claimSystemCode": "01",
						  "deriveCoverageInd": "N"
						}
					  ]
					},
					"coveragePlanPolicy": 999151,
					"coveragePlanVariationCode": "0003",
					"coveragePlanReportingCode": "0003",
					"coveragePlanCesGrpNbr": "0999151"
				}
			},
			{
				"key":{
					"typeCode":"B",
					"policyNumber":"0999151",
					"planVariationCode":"0003",
					"reportingCode":"0003",
					"hiosId":null
				},
				"record":{
					"coveragePlanCustomerNumber": "0999151",
					"coveragePlanCoverage": "B",
					"coveragePlanList": {
					  "list": [
						{
						  "icCoverageStartDate": "2014-01-01",
						  "icCoverageStopDate": null,
						  "icCoverageBenefitSetCode": "ACIS003",
						  "icCoverageProductType": "Q",
						  "icCoverageProductCode": "PS1M11O9999",
						  "coverageMarketType": "50",
						  "coverageDependentIndicator": "Y",
						  "coverageDependentEligibilityIndicator": "N",
						  "coverageLongTermDisabilityIndicator": " ",
						  "coverageListBillIndicator": "N",
						  "coverageFbiIndicator": " ",
						  "coveragePassportGroup": 0,
						  "coverageAccountCode": 0,
						  "coverageSuffxCode": "AB",
						  "coverageSubGroup": "01003",
						  "coverageIssueCertIndicator": " ",
						  "coverageEbillDate": null,
						  "coveragePlanCode": "V",
						  "eligSystemCode": "01",
						  "claimSystemCode": "01",
						  "deriveCoverageInd": "Y"
						}
					  ]
					},
					"coveragePlanPolicy": 999151,
					"coveragePlanVariationCode": "0003",
					"coveragePlanReportingCode": "0003",
					"coveragePlanCesGrpNbr": "0999151"
				}
			},
			{
				"key":{
					"typeCode":"E",
					"policyNumber":"0999151",
					"planVariationCode":"0003",
					"reportingCode":"0003",
					"hiosId":null
				},
				"record":{
					"coveragePlanCustomerNumber": "0999151",
					"coveragePlanCoverage": "E",
					"coveragePlanList": {
					  "list": [
						{
						  "icCoverageStartDate": "2014-01-01",
						  "icCoverageStopDate": null,
						  "icCoverageBenefitSetCode": "ACIS003",
						  "icCoverageProductType": "Q",
						  "icCoverageProductCode": "PS1M11O9999",
						  "coverageMarketType": "50",
						  "coverageDependentIndicator": "Y",
						  "coverageDependentEligibilityIndicator": "N",
						  "coverageLongTermDisabilityIndicator": " ",
						  "coverageListBillIndicator": "N",
						  "coverageFbiIndicator": " ",
						  "coveragePassportGroup": 0,
						  "coverageAccountCode": 0,
						  "coverageSuffxCode": "AB",
						  "coverageSubGroup": "01003",
						  "coverageIssueCertIndicator": " ",
						  "coverageEbillDate": null,
						  "coveragePlanCode": "V",
						  "eligSystemCode": "01",
						  "claimSystemCode": "05",
						  "deriveCoverageInd": "Y"
						}
					  ]
					},
					"coveragePlanPolicy": 999151,
					"coveragePlanVariationCode": "0003",
					"coveragePlanReportingCode": "0003",
					"coveragePlanCesGrpNbr": "0999151"
				}
			},
			{
				"key":{
					"typeCode":"G",
					"policyNumber":"0999151",
					"planVariationCode":"0003",
					"reportingCode":"0003",
					"hiosId":null
				},
				"record":{
					"coveragePlanCustomerNumber": "0999151",
					"coveragePlanCoverage": "G",
					"coveragePlanList": {
					  "list": [
						{
						  "icCoverageStartDate": "2014-01-01",
						  "icCoverageStopDate": null,
						  "icCoverageBenefitSetCode": "ACIS003",
						  "icCoverageProductType": "Q",
						  "icCoverageProductCode": "PS1M11O9999",
						  "coverageMarketType": "50",
						  "coverageDependentIndicator": "Y",
						  "coverageDependentEligibilityIndicator": "N",
						  "coverageLongTermDisabilityIndicator": " ",
						  "coverageListBillIndicator": "N",
						  "coverageFbiIndicator": " ",
						  "coveragePassportGroup": 0,
						  "coverageAccountCode": 0,
						  "coverageSuffxCode": "AB",
						  "coverageSubGroup": "01003",
						  "coverageIssueCertIndicator": " ",
						  "coverageEbillDate":null,
						  "coveragePlanCode": "V",
						  "eligSystemCode": "01",
						  "claimSystemCode": "01",
						  "healthServiceProductCode": "IZ",
						  "deriveCoverageInd": "Y"
						}
					  ]
					},
					"coveragePlanPolicy": 999151,
					"coveragePlanVariationCode": "0003",
					"coveragePlanReportingCode": "0003",
					"coveragePlanCesGrpNbr": "0999151"
				}
			}
		],
		"marketSiteRecordMapList":[
			{
				"key":{
					"planVariationCode":"0003",
					"reportingCode":"0003",
					"coverageType":"M",
					"productType":"Q",
					"marketSitePolicy":"0999151"
				},
				"record":{
					"marketSiteCustomerNumber": "0999151",
					"marketSiteCoverage": "M",
					"marketSiteList": {
					  "list": [
						{
						  "marketSiteStartDate": "2014-01-01",
						  "marketSiteExceptionIndicator": "A",
						  "marketSiteType": "50",
						  "marketSiteOptInIndicator": "Y"
						}
					  ]
					},
					"marketSitePolicy": "0999151",
					"marketSiteProductType": "Q",
					"marketSitePlanVariationCode": "0003",
					"marketSiteReportingCode": "0003"
				}
			}
		],
		"requiredCoverageInfoMapList":[
			{
				"key":{
					"typeCode":"M",
					"policyNumber":"0999151",
					"planVariationCode":"0003",
					"reportingCode":"0003",
					"hiosId":null
				},
				"record":{
					"coverage": "M",
					"policyNumber": "0999151",
					"planVariationCode": "0003",
					"reportCode": "0003",
					"requiredCoverageInfoList": {
					  "list": [
						{
						  "typeCode": "G",
						  "effectiveDate": "2014-01-01"
						},
						{
						  "typeCode": "E",
						  "effectiveDate": "2014-01-01"
						},
						{
						  "typeCode": "B",
						  "effectiveDate": "2014-01-01"
						}
					  ]
					}
				}
			},
			{
				"key":{
					"typeCode":"B",
					"policyNumber":"0999151",
					"planVariationCode":"0003",
					"reportingCode":"0003",
					"hiosId":null
				},
				"record":{
					"coverage": "B",
					"policyNumber": "0999151",
					"planVariationCode": "0003",
					"reportCode": "0003",
					"requiredCoverageInfoList": {
					  "list": [
						{
						  "typeCode": "M",
						  "effectiveDate": "2014-01-01"
						}
					  ]
					}
				}
			},
			{
				"key":{
					"typeCode":"E",
					"policyNumber":"0999151",
					"planVariationCode":"0003",
					"reportingCode":"0003",
					"hiosId":null
				},
				"record":{
					"coverage": "E",
					"policyNumber": "0999151",
					"planVariationCode": "0003",
					"reportCode": "0003",
					"requiredCoverageInfoList": {
					  "list": [
						{
						  "typeCode": "M",
						  "effectiveDate": "2014-01-01"
						}
					  ]
					}
				}
			},
			{
				"key":{
					"typeCode":"G",
					"policyNumber":"0999151",
					"planVariationCode":"0003",
					"reportingCode":"0003",
					"hiosId":null
				},
				"record":{
					"coverage": "G",
					"policyNumber": "0999151",
					"planVariationCode": "0003",
					"reportCode": "0003",
					"requiredCoverageInfoList": {
					  "list": [
						{
						  "typeCode": "M",
						  "effectiveDate": "2014-01-01"
						}
					  ]
					}
				}
			}
		],
		"policyRecordMapList":[
			{
				"key":{
					"policyNumber":"0999151",
					"customerNumber":"0999151"
				},
				"record":{
					"customerNumber": "0999151",
					"policyNumber": "0999151",
					"startDate": "2014-01-01",
					"sharedArrangementList": {
					  "list": [
						{
						  "sharedArrangement": "00",
						  "startDate": "2014-01-01"
						}
					  ]
					}
				}
			}
		],
		"vbdMapRecordMapList":[
			{
				"key":{},
				"record":{}
			}
		],
		"coveragePlanHiosKeysMapList":[
			{
				"key":{},
				"hioskey":{}
			}
		],
		"oopMaxPolicyRecordMapList":[
			
		],
		"cesCaseStructureList": {
		  "list": [
			{
			  "icCustomerSegment": "\u0000",
			  "icCustomerRegion": "TEST",
			  "icCustomerSuspendIndicator": "\u0000",
			  "icRetroIndicator": "\u0000",
			  "icMemberAddress": "N",
			  "icEENumberLgt": 0,
			  "icDependentIndicator": "\u0000",
			  "icActiveDate": "2014-01-01",
			  "icListBillIndicator": "\u0000",
			  "icFeedbackBridgeInd": "\u0000",
			  "icPVCIndicator": "\u0000",
			  "icNeicOeCdate": "0001-01-01",
			  "icMMOECdate": "0001-01-01",
			  "icImcsOeCdate": "0001-01-01",
			  "icIMCSReasonSw": "N",
			  "icNEICRsnMsgsSw": "N",
			  "icMMRsnMsgsSw": "N",
			  "icWeeklyNeicSw": "N",
			  "icWeeklyMMSw": "N",
			  "icCommonUtility1Ind": "\u0000",
			  "icCommonUtility2Ind": "\u0000",
			  "icCommonUtility3Ind": "\u0000",
			  "icCommonUtility4Ind": "\u0000",
			  "icMemberUtility1Ind": "\u0000",
			  "icMemberUtility2Ind": "\u0000",
			  "icMemberUtility3Ind": "\u0000",
			  "icMemberUtility4Ind": "\u0000",
			  "icCoverageUtility1Ind": "\u0000",
			  "icCoverageUtility2Ind": "\u0000",
			  "icCoverageUtility3Ind": "\u0000",
			  "icSpecialUtility1Ind": "\u0000",
			  "icSpecialUtility2Ind": "\u0000",
			  "icSpecialUtility3Ind": "\u0000",
			  "icSpecialUtility4Ind": "\u0000",
			  "icLongUtility1Ind": "\u0000",
			  "icLongUtility2Ind": "\u0000",
			  "icEligibilityCoverageUtility1Ind": "\u0000",
			  "icEligibilityCoverageUtility2Ind": "\u0000",
			  "icEligibilityCoverageUtility3Ind": "\u0000",
			  "transactionSetId": 78985,
			  "activeCount": 0,
			  "cancelCount": 0,
			  "customerNumber": "0999151",
			  "icWeeklyIdSw": "N",
			  "icLabInd": "Y",
			  "icAutoDepCode": "Y",
			  "icAltIdInd": "S"
			}
		  ]
		},
		"businessProcessId": 20192816012811471345880,
		"trans":{
			"transactionSetId": 78985,
			"id": 92013151,
			"fileTxnSequenceNumber": 4,
			"multiTransactionInd": " ",
			"typeCode": {
			  "code": " ",
			  "description": "REJECTED"
			},
			"typeText": "REJECTED",
			"reasonCode": "FL",
			"statusCode": {
			  "code": "11",
			  "description": "MAPPED"
			},
			"statusText": "MAPPED",
			"subscriber": {
			  "employmentStartDate":"19990121",
			  "employmentStartDateAsGtwyDt":{
				"asString": "19990121",
				"asDate": "1999-01-21T01:27:38.000Z",
				"populationAttempted": true
			  },
			  "memberList": {
				"list": []
			  },
			  "employeeRetirementDate": "",
			  "mapperSubscriberId": "003110482",
			  "coverageList": {
			   
				"list": [
				  {
					"effectivityStartDate": "20190603",
					"effectivityStartDateAsGtwyDt": {
						"asString": "20190603",
						"asDate": "2019-06-03",
						"populationAttempted": true
					  },
					"effectivityStopDate": "",
					"eligibilityPassportGroup": 0,
					"planVariationCode": "0003",
					"policyNumber": "0999151",
					"provider": {
					  "ipaNumber": "00001",
					  "locationSequenceNumber": "044",
					  "providerId": "001111111",
					  "startDate": "20160303",
					  "npinumber": "0000111111",
					  "npientityType": -1
					},
					"reportingCode": "0003",
					"sequenceNumber": 1,
					"typeCode": "M",
					"excludedCoverage": "N",
					"priorCoverageIndicator": "N",
					"cesGrpNum": "0999151",
					"dhpindicator": false
				  }
				]
			  },
			  "generatedCoverageList": {
			   
				"list": []
			  },
			  "pvcCoverageList": {
			   
				"list": []
			  },
			  
			  "ageNumber": 0,
			  "memberOrderSequence": 0,
			  
			  "birthSequenceNumber": 0,
			  "cobSequenceNumber": 0,
			  "dependentNumber": 0,
			  "firstName": "SASI",
			  "genderCode": "M",
			  "notExcludedMember": true,
			  "lastName": "PAVAN",
			  "maritalStatusCode": "M",
			  "socialSecurityNumber": "003112604",
			  "cobIndicator": "Y",
			  "labHistories": {},
			  "ticRelationshipCode": "18",
			  "transactionAddressList": {
				"list": [
				  {
					"sequenceNumber": 1,
					"addressTypeCode": " ",
					"city": "AURORA",
					"country": "US",
					"postalCode": "60506",
					"stateCode": "IL",
					"streetAddress1": "123 MAIN STREET A",
					"mailCode": "E",
					"startDate": "",
					"FIELD_NAME_MEMBER_ID": "Member Id",
					"permanentIndicator": "N"
				  }
				]
			  },
			  "policyAmtList": {
				"list": []
			  },
			  "brokerEntList": {
				"list": []
			  },
			  "documentSuppressList": {
				"list": []
			  },
			  "authResponsiblePartyList": {
				"list": []
			  },
			  "supplementalIdList": {
				"list": []
			  },
			  "consumerEINList": {
				"list": []
			  },
			  "medicareAStartDate": "",
			  "medicareAStopDate": "",
			  "medicareBStartDate": "",
			  "medicareBStopDate": "",
			  "sequenceNumber": 0,
			  "medicareDStartDate": "",
			  "medicareDStopDate": "",
			  "cobLastUpdateDate": "",
			  "transactionMemberCommentList": {
				"list": []
			  },
			 
			  "ticOriginalEffectiveDate": "",
			  "mapperTransactionId": 92013151,
			  "mapperTransactionSetId": 78985,
			  "mapperLastUpdateDateTime": "19912012",
			  "mapperLastUpdateId": "20192816012811471345880",
			  "possibleDuplicate": false,
			  "possibleDuplicateDep": false,
			  "duplicate": false,
			  "reportList": {
				"list": []
			  },
			  "modifiedByRules": false,
			  "eci300LogicalDelInd": false,
			  "hmECI300LogicalDel": {},
			  "isTxnAddressChanged": false,
			  "isTxnAddressChangedRev": false
			},
			"customerNumber": "0999151",
			"eligibilitySystemCode": {
			  "code": "8",
			  "description": "CDB"
			},
			"employeeId": "003110482",
			"gatewayExpectedCount": 0,
			"gatewayUpdateRecordNumber": 0,
			"submissionGroupName": "IIBCERTC",
			"transactionIssueList": {
			  "list": [{
			  
			  }]
			},
			"isDHPTransaction": false,
			"isPVCTransaction": false,
			"isRRTransaction": false,
			"exchangeTxn": false,
			"mapperTransactionType": {
			  "code": "I",
			  "description": "Inbound"
			},
			"thresholdIndicatorType": 0,
			"everAutoCancel": false
      }
  },
  "transactionFile":{  
      "b2bFlId":null,
      "fileDirectoryText":null,
      "id":1914103,
      "lateFileIndicator":false,
      "name":"IIBCERTC.U.201803290015.gsf",
	  "receivedDateTime": "2019-09-16T01:27:38.000Z",
      "nrtMessageIndicator":"I",
      "nrtSourceId":"",
      "nrtTrackingId":"",
      "nrtTransType":"",
      "recordCount":0,
      "submitterId":"IIBCERTC",
      "submitterSendDateTime":"201907020625"
   },
  "countryCodeList": {
    "list": [
      {
        "countryCode": "AD"
      },
      {
        "countryCode": "AE"
      },
      {
        "countryCode": "AF"
      },
      {
        "countryCode": "AG"
      },
      {
        "countryCode": "AI"
      },
      {
        "countryCode": "AL"
      },
      {
        "countryCode": "AM"
      },
      {
        "countryCode": "AN"
      },
      {
        "countryCode": "AO"
      },
      {
        "countryCode": "AQ"
      },
      {
        "countryCode": "AR"
      },
      {
        "countryCode": "AS"
      },
      {
        "countryCode": "AT"
      },
      {
        "countryCode": "AU"
      },
      {
        "countryCode": "AW"
      },
      {
        "countryCode": "AX"
      },
      {
        "countryCode": "AZ"
      },
      {
        "countryCode": "BA"
      },
      {
        "countryCode": "BB"
      },
      {
        "countryCode": "BD"
      },
      {
        "countryCode": "BE"
      },
      {
        "countryCode": "BF"
      },
      {
        "countryCode": "BG"
      },
      {
        "countryCode": "BH"
      },
      {
        "countryCode": "BI"
      },
      {
        "countryCode": "BJ"
      },
      {
        "countryCode": "BL"
      },
      {
        "countryCode": "BM"
      },
      {
        "countryCode": "BN"
      },
      {
        "countryCode": "BO"
      },
      {
        "countryCode": "BQ"
      },
      {
        "countryCode": "BR"
      },
      {
        "countryCode": "BS"
      },
      {
        "countryCode": "BT"
      },
      {
        "countryCode": "BV"
      },
      {
        "countryCode": "BW"
      },
      {
        "countryCode": "BY"
      },
      {
        "countryCode": "BZ"
      },
      {
        "countryCode": "CA"
      },
      {
        "countryCode": "CC"
      },
      {
        "countryCode": "CD"
      },
      {
        "countryCode": "CF"
      },
      {
        "countryCode": "CG"
      },
      {
        "countryCode": "CH"
      },
      {
        "countryCode": "CI"
      },
      {
        "countryCode": "CK"
      },
      {
        "countryCode": "CL"
      },
      {
        "countryCode": "CM"
      },
      {
        "countryCode": "CN"
      },
      {
        "countryCode": "CO"
      },
      {
        "countryCode": "CR"
      },
      {
        "countryCode": "CS"
      },
      {
        "countryCode": "CU"
      },
      {
        "countryCode": "CV"
      },
      {
        "countryCode": "CW"
      },
      {
        "countryCode": "CX"
      },
      {
        "countryCode": "CY"
      },
      {
        "countryCode": "CZ"
      },
      {
        "countryCode": "DE"
      },
      {
        "countryCode": "DJ"
      },
      {
        "countryCode": "DK"
      },
      {
        "countryCode": "DM"
      },
      {
        "countryCode": "DO"
      },
      {
        "countryCode": "DZ"
      },
      {
        "countryCode": "EC"
      },
      {
        "countryCode": "EE"
      },
      {
        "countryCode": "EG"
      },
      {
        "countryCode": "EH"
      },
      {
        "countryCode": "ER"
      },
      {
        "countryCode": "ES"
      },
      {
        "countryCode": "ET"
      },
      {
        "countryCode": "FI"
      },
      {
        "countryCode": "FJ"
      },
      {
        "countryCode": "FK"
      },
      {
        "countryCode": "FM"
      },
      {
        "countryCode": "FO"
      },
      {
        "countryCode": "FR"
      },
      {
        "countryCode": "GA"
      },
      {
        "countryCode": "GB"
      },
      {
        "countryCode": "GD"
      },
      {
        "countryCode": "GE"
      },
      {
        "countryCode": "GF"
      },
      {
        "countryCode": "GH"
      },
      {
        "countryCode": "GI"
      },
      {
        "countryCode": "GL"
      },
      {
        "countryCode": "GM"
      },
      {
        "countryCode": "GN"
      },
      {
        "countryCode": "GP"
      },
      {
        "countryCode": "GQ"
      },
      {
        "countryCode": "GR"
      },
      {
        "countryCode": "GS"
      },
      {
        "countryCode": "GT"
      },
      {
        "countryCode": "GU"
      },
      {
        "countryCode": "GW"
      },
      {
        "countryCode": "GY"
      },
      {
        "countryCode": "HK"
      },
      {
        "countryCode": "HM"
      },
      {
        "countryCode": "HN"
      },
      {
        "countryCode": "HR"
      },
      {
        "countryCode": "HT"
      },
      {
        "countryCode": "HU"
      },
      {
        "countryCode": "ID"
      },
      {
        "countryCode": "IE"
      },
      {
        "countryCode": "IL"
      },
      {
        "countryCode": "IN"
      },
      {
        "countryCode": "IO"
      },
      {
        "countryCode": "IQ"
      },
      {
        "countryCode": "IR"
      },
      {
        "countryCode": "IS"
      },
      {
        "countryCode": "IT"
      },
      {
        "countryCode": "JM"
      },
      {
        "countryCode": "JO"
      },
      {
        "countryCode": "JP"
      },
      {
        "countryCode": "KE"
      },
      {
        "countryCode": "KG"
      },
      {
        "countryCode": "KH"
      },
      {
        "countryCode": "KI"
      },
      {
        "countryCode": "KM"
      },
      {
        "countryCode": "KN"
      },
      {
        "countryCode": "KP"
      },
      {
        "countryCode": "KR"
      },
      {
        "countryCode": "KW"
      },
      {
        "countryCode": "KY"
      },
      {
        "countryCode": "KZ"
      },
      {
        "countryCode": "LA"
      },
      {
        "countryCode": "LB"
      },
      {
        "countryCode": "LC"
      },
      {
        "countryCode": "LI"
      },
      {
        "countryCode": "LK"
      },
      {
        "countryCode": "LR"
      },
      {
        "countryCode": "LS"
      },
      {
        "countryCode": "LT"
      },
      {
        "countryCode": "LU"
      },
      {
        "countryCode": "LV"
      },
      {
        "countryCode": "LY"
      },
      {
        "countryCode": "MA"
      },
      {
        "countryCode": "MC"
      },
      {
        "countryCode": "MD"
      },
      {
        "countryCode": "ME"
      },
      {
        "countryCode": "MF"
      },
      {
        "countryCode": "MG"
      },
      {
        "countryCode": "MH"
      },
      {
        "countryCode": "MK"
      },
      {
        "countryCode": "ML"
      },
      {
        "countryCode": "MM"
      },
      {
        "countryCode": "MN"
      },
      {
        "countryCode": "MO"
      },
      {
        "countryCode": "MP"
      },
      {
        "countryCode": "MQ"
      },
      {
        "countryCode": "MR"
      },
      {
        "countryCode": "MS"
      },
      {
        "countryCode": "MT"
      },
      {
        "countryCode": "MU"
      },
      {
        "countryCode": "MV"
      },
      {
        "countryCode": "MW"
      },
      {
        "countryCode": "MX"
      },
      {
        "countryCode": "MY"
      },
      {
        "countryCode": "MZ"
      },
      {
        "countryCode": "NA"
      },
      {
        "countryCode": "NC"
      },
      {
        "countryCode": "NE"
      },
      {
        "countryCode": "NF"
      },
      {
        "countryCode": "NG"
      },
      {
        "countryCode": "NI"
      },
      {
        "countryCode": "NL"
      },
      {
        "countryCode": "NO"
      },
      {
        "countryCode": "NP"
      },
      {
        "countryCode": "NR"
      },
      {
        "countryCode": "NU"
      },
      {
        "countryCode": "NZ"
      },
      {
        "countryCode": "OM"
      },
      {
        "countryCode": "PA"
      },
      {
        "countryCode": "PE"
      },
      {
        "countryCode": "PF"
      },
      {
        "countryCode": "PG"
      },
      {
        "countryCode": "PH"
      },
      {
        "countryCode": "PK"
      },
      {
        "countryCode": "PL"
      },
      {
        "countryCode": "PM"
      },
      {
        "countryCode": "PN"
      },
      {
        "countryCode": "PR"
      },
      {
        "countryCode": "PS"
      },
      {
        "countryCode": "PT"
      },
      {
        "countryCode": "PW"
      },
      {
        "countryCode": "PY"
      },
      {
        "countryCode": "QA"
      },
      {
        "countryCode": "RE"
      },
      {
        "countryCode": "RO"
      },
      {
        "countryCode": "RS"
      },
      {
        "countryCode": "RU"
      },
      {
        "countryCode": "RW"
      },
      {
        "countryCode": "SA"
      },
      {
        "countryCode": "SB"
      },
      {
        "countryCode": "SC"
      },
      {
        "countryCode": "SD"
      },
      {
        "countryCode": "SE"
      },
      {
        "countryCode": "SG"
      },
      {
        "countryCode": "SH"
      },
      {
        "countryCode": "SI"
      },
      {
        "countryCode": "SJ"
      },
      {
        "countryCode": "SK"
      },
      {
        "countryCode": "SL"
      },
      {
        "countryCode": "SM"
      },
      {
        "countryCode": "SN"
      },
      {
        "countryCode": "SO"
      },
      {
        "countryCode": "SR"
      },
      {
        "countryCode": "SS"
      },
      {
        "countryCode": "ST"
      },
      {
        "countryCode": "SV"
      },
      {
        "countryCode": "SX"
      },
      {
        "countryCode": "SY"
      },
      {
        "countryCode": "SZ"
      },
      {
        "countryCode": "TC"
      },
      {
        "countryCode": "TD"
      },
      {
        "countryCode": "TF"
      },
      {
        "countryCode": "TG"
      },
      {
        "countryCode": "TH"
      },
      {
        "countryCode": "TJ"
      },
      {
        "countryCode": "TK"
      },
      {
        "countryCode": "TL"
      },
      {
        "countryCode": "TM"
      },
      {
        "countryCode": "TN"
      },
      {
        "countryCode": "TO"
      },
      {
        "countryCode": "TP"
      },
      {
        "countryCode": "TR"
      },
      {
        "countryCode": "TT"
      },
      {
        "countryCode": "TV"
      },
      {
        "countryCode": "TW"
      },
      {
        "countryCode": "TZ"
      },
      {
        "countryCode": "UA"
      },
      {
        "countryCode": "UG"
      },
      {
        "countryCode": "UM"
      },
      {
        "countryCode": "US"
      },
      {
        "countryCode": "UY"
      },
      {
        "countryCode": "UZ"
      },
      {
        "countryCode": "VA"
      },
      {
        "countryCode": "VC"
      },
      {
        "countryCode": "VE"
      },
      {
        "countryCode": "VG"
      },
      {
        "countryCode": "VI"
      },
      {
        "countryCode": "VN"
      },
      {
        "countryCode": "VU"
      },
      {
        "countryCode": "WF"
      },
      {
        "countryCode": "WS"
      },
      {
        "countryCode": "YE"
      },
      {
        "countryCode": "YT"
      },
      {
        "countryCode": "YU"
      },
      {
        "countryCode": "ZA"
      },
      {
        "countryCode": "ZM"
      },
      {
        "countryCode": "ZW"
      }
    ]
  },
  "products": {
    "list": [
      {
        "productTypCd": "1",
        "productCd": "PPO",
        "pcpCd": "\u0000"
      },
      {
        "productTypCd": "2",
        "productCd": "PPO",
        "pcpCd": "\u0000"
      },
      {
        "productTypCd": "3",
        "productCd": "PPO",
        "pcpCd": "\u0000"
      },
      {
        "productTypCd": "4",
        "productCd": "HMO",
        "pcpCd": "S"
      },
      {
        "productTypCd": "5",
        "productCd": "POS",
        "pcpCd": "S"
      },
      {
        "productTypCd": "6",
        "productCd": "HMO",
        "pcpCd": "G"
      },
      {
        "productTypCd": "7",
        "productCd": "HMO",
        "pcpCd": "G"
      },
      {
        "productTypCd": "8",
        "productCd": "HMO",
        "pcpCd": "G"
      },
      {
        "productTypCd": "9",
        "productCd": "EPO",
        "pcpCd": "G"
      },
      {
        "productTypCd": "C",
        "productCd": "NOT",
        "pcpCd": "\u0000"
      },
      {
        "productTypCd": "D",
        "productCd": "HMO",
        "pcpCd": "S"
      },
      {
        "productTypCd": "E",
        "productCd": "EPO",
        "pcpCd": "S"
      },
      {
        "productTypCd": "G",
        "productCd": "EPO",
        "pcpCd": "G"
      },
      {
        "productTypCd": "H",
        "productCd": "HMO",
        "pcpCd": "G"
      },
      {
        "productTypCd": "I",
        "productCd": "HMO",
        "pcpCd": "S"
      },
      {
        "productTypCd": "J",
        "productCd": "HMO",
        "pcpCd": "G"
      },
      {
        "productTypCd": "K",
        "productCd": "EPO",
        "pcpCd": "G"
      },
      {
        "productTypCd": "L",
        "productCd": "HMO",
        "pcpCd": "G"
      },
      {
        "productTypCd": "M",
        "productCd": "HMO",
        "pcpCd": "S"
      },
      {
        "productTypCd": "N",
        "productCd": "EPO",
        "pcpCd": "G"
      },
      {
        "productTypCd": "O",
        "productCd": "HMO",
        "pcpCd": "G"
      },
      {
        "productTypCd": "P",
        "productCd": "POS",
        "pcpCd": "G"
      },
      {
        "productTypCd": "Q",
        "productCd": "POS",
        "pcpCd": "S"
      },
      {
        "productTypCd": "R",
        "productCd": "IND",
        "pcpCd": "\u0000"
      },
      {
        "productTypCd": "S",
        "productCd": "MIN",
        "pcpCd": "\u0000"
      },
      {
        "productTypCd": "T",
        "productCd": "EPO",
        "pcpCd": "G"
      },
      {
        "productTypCd": "U",
        "productCd": "PPO",
        "pcpCd": "\u0000"
      },
      {
        "productTypCd": "V",
        "productCd": "PPO",
        "pcpCd": "\u0000"
      },
      {
        "productTypCd": "X",
        "productCd": "POS",
        "pcpCd": "\u0000"
      },
      {
        "productTypCd": "Y",
        "productCd": "POS",
        "pcpCd": "G"
      }
    ]
  },
  "marketList": {
    "list": [
      {
        "marketZipCodeList": {
          "list": [
            {
              "city": "AURORA",
              "county": "KANE",
              "state": "IL",
              "marketProductList": {
                "list": [
                  {
                    "product": "EPO",
                    "marketType": "00",
                    "startDate": "19960121",
                    "stopDate": "99991231"
                  },
                  {
                    "product": "EPO",
                    "marketType": "95",
                    "startDate": "20180701",
                    "stopDate": "99991231"
                  },
                  {
                    "product": "EPO",
                    "marketType": "76",
                    "startDate": "20160901",
                    "stopDate": "99991231"
                  },
                  {
                    "product": "EPO",
                    "marketType": "75",
                    "startDate": "20160901",
                    "stopDate": "99991231"
                  },
                  {
                    "product": "EPO",
                    "marketType": "74",
                    "startDate": "20160901",
                    "stopDate": "99991231"
                  },
                  {
                    "product": "EPO",
                    "marketType": "79",
                    "startDate": "20160326",
                    "stopDate": "99991231"
                  },
                  {
                    "product": "EPO",
                    "marketType": "42",
                    "startDate": "20160326",
                    "stopDate": "99991231"
                  },
                  {
                    "product": "EPO",
                    "marketType": "78",
                    "startDate": "20160211",
                    "stopDate": "99991231"
                  },
                  {
                    "product": "EPO",
                    "marketType": "77",
                    "startDate": "20150401",
                    "stopDate": "99991231"
                  },
                  {
                    "product": "EPO",
                    "marketType": "64",
                    "startDate": "20141226",
                    "stopDate": "99991231"
                  },
                  {
                    "product": "EPO",
                    "marketType": "69",
                    "startDate": "20140101",
                    "stopDate": "99991231"
                  },
                  {
                    "product": "EPO",
                    "marketType": "63",
                    "startDate": "20140101",
                    "stopDate": "99991231"
                  },
                  {
                    "product": "EPO",
                    "marketType": "37",
                    "startDate": "20130101",
                    "stopDate": "99991231"
                  },
                  {
                    "product": "EPO",
                    "marketType": "15",
                    "startDate": "20110101",
                    "stopDate": "99991231"
                  },
                  {
                    "product": "EPO",
                    "marketType": "50",
                    "startDate": "20030701",
                    "stopDate": "99991231"
                  },
                  {
                    "product": "HMO",
                    "marketType": "00",
                    "startDate": "19960101",
                    "stopDate": "99991231"
                  },
                  {
                    "product": "HMO",
                    "marketType": "95",
                    "startDate": "20180701",
                    "stopDate": "99991231"
                  },
                  {
                    "product": "HMO",
                    "marketType": "76",
                    "startDate": "20160901",
                    "stopDate": "99991231"
                  },
                  {
                    "product": "HMO",
                    "marketType": "75",
                    "startDate": "20160901",
                    "stopDate": "99991231"
                  },
                  {
                    "product": "HMO",
                    "marketType": "74",
                    "startDate": "20160901",
                    "stopDate": "99991231"
                  },
                  {
                    "product": "HMO",
                    "marketType": "79",
                    "startDate": "20160326",
                    "stopDate": "99991231"
                  },
                  {
                    "product": "HMO",
                    "marketType": "42",
                    "startDate": "20160326",
                    "stopDate": "99991231"
                  },
                  {
                    "product": "HMO",
                    "marketType": "78",
                    "startDate": "20150401",
                    "stopDate": "99991231"
                  },
                  {
                    "product": "HMO",
                    "marketType": "77",
                    "startDate": "20150401",
                    "stopDate": "99991231"
                  },
                  {
                    "product": "HMO",
                    "marketType": "64",
                    "startDate": "20141226",
                    "stopDate": "99991231"
                  },
                  {
                    "product": "HMO",
                    "marketType": "69",
                    "startDate": "20140101",
                    "stopDate": "99991231"
                  },
                  {
                    "product": "HMO",
                    "marketType": "63",
                    "startDate": "20140101",
                    "stopDate": "99991231"
                  },
                  {
                    "product": "HMO",
                    "marketType": "37",
                    "startDate": "20130101",
                    "stopDate": "99991231"
                  },
                  {
                    "product": "HMO",
                    "marketType": "15",
                    "startDate": "20110101",
                    "stopDate": "99991231"
                  },
                  {
                    "product": "HMO",
                    "marketType": "50",
                    "startDate": "20030301",
                    "stopDate": "99991231"
                  },
                  {
                    "product": "IND",
                    "marketType": "00",
                    "startDate": "19960101",
                    "stopDate": "99991231"
                  },
                  {
                    "product": "IND",
                    "marketType": "95",
                    "startDate": "20180530",
                    "stopDate": "20180530"
                  },
                  {
                    "product": "IND",
                    "marketType": "76",
                    "startDate": "20160905",
                    "stopDate": "99991231"
                  },
                  {
                    "product": "IND",
                    "marketType": "75",
                    "startDate": "20160905",
                    "stopDate": "99991231"
                  },
                  {
                    "product": "IND",
                    "marketType": "74",
                    "startDate": "20160905",
                    "stopDate": "99991231"
                  },
                  {
                    "product": "IND",
                    "marketType": "79",
                    "startDate": "20160326",
                    "stopDate": "99991231"
                  },
                  {
                    "product": "IND",
                    "marketType": "42",
                    "startDate": "20160326",
                    "stopDate": "99991231"
                  },
                  {
                    "product": "IND",
                    "marketType": "78",
                    "startDate": "20160211",
                    "stopDate": "99991231"
                  },
                  {
                    "product": "IND",
                    "marketType": "77",
                    "startDate": "20160211",
                    "stopDate": "99991231"
                  },
                  {
                    "product": "IND",
                    "marketType": "64",
                    "startDate": "20141226",
                    "stopDate": "99991231"
                  },
                  {
                    "product": "IND",
                    "marketType": "63",
                    "startDate": "20141226",
                    "stopDate": "99991231"
                  },
                  {
                    "product": "IND",
                    "marketType": "69",
                    "startDate": "20140703",
                    "stopDate": "99991231"
                  },
                  {
                    "product": "IND",
                    "marketType": "37",
                    "startDate": "20130415",
                    "stopDate": "99991231"
                  },
                  {
                    "product": "IND",
                    "marketType": "50",
                    "startDate": "20130128",
                    "stopDate": "99991231"
                  },
                  {
                    "product": "IND",
                    "marketType": "15",
                    "startDate": "20130128",
                    "stopDate": "99991231"
                  },
                  {
                    "product": "POS",
                    "marketType": "00",
                    "startDate": "19960101",
                    "stopDate": "99991231"
                  },
                  {
                    "product": "POS",
                    "marketType": "95",
                    "startDate": "20180701",
                    "stopDate": "99991231"
                  },
                  {
                    "product": "POS",
                    "marketType": "76",
                    "startDate": "20160901",
                    "stopDate": "99991231"
                  },
                  {
                    "product": "POS",
                    "marketType": "75",
                    "startDate": "20160901",
                    "stopDate": "99991231"
                  },
                  {
                    "product": "POS",
                    "marketType": "74",
                    "startDate": "20160901",
                    "stopDate": "99991231"
                  },
                  {
                    "product": "POS",
                    "marketType": "79",
                    "startDate": "20150401",
                    "stopDate": "99991231"
                  },
                  {
                    "product": "POS",
                    "marketType": "78",
                    "startDate": "20150401",
                    "stopDate": "99991231"
                  },
                  {
                    "product": "POS",
                    "marketType": "77",
                    "startDate": "20150401",
                    "stopDate": "99991231"
                  },
                  {
                    "product": "POS",
                    "marketType": "42",
                    "startDate": "20150401",
                    "stopDate": "99991231"
                  },
                  {
                    "product": "POS",
                    "marketType": "69",
                    "startDate": "20140101",
                    "stopDate": "99991231"
                  },
                  {
                    "product": "POS",
                    "marketType": "64",
                    "startDate": "20130401",
                    "stopDate": "99991231"
                  },
                  {
                    "product": "POS",
                    "marketType": "37",
                    "startDate": "20130101",
                    "stopDate": "99991231"
                  },
                  {
                    "product": "POS",
                    "marketType": "15",
                    "startDate": "20110101",
                    "stopDate": "99991231"
                  },
                  {
                    "product": "POS",
                    "marketType": "63",
                    "startDate": "20090101",
                    "stopDate": "99991231"
                  },
                  {
                    "product": "POS",
                    "marketType": "50",
                    "startDate": "19980401",
                    "stopDate": "99991231"
                  },
                  {
                    "product": "PPO",
                    "marketType": "00",
                    "startDate": "19960101",
                    "stopDate": "99991231"
                  },
                  {
                    "product": "PPO",
                    "marketType": "95",
                    "startDate": "20180530",
                    "stopDate": "20180530"
                  },
                  {
                    "product": "PPO",
                    "marketType": "76",
                    "startDate": "20160905",
                    "stopDate": "99991231"
                  },
                  {
                    "product": "PPO",
                    "marketType": "75",
                    "startDate": "20160905",
                    "stopDate": "99991231"
                  },
                  {
                    "product": "PPO",
                    "marketType": "74",
                    "startDate": "20160905",
                    "stopDate": "99991231"
                  },
                  {
                    "product": "PPO",
                    "marketType": "79",
                    "startDate": "20160326",
                    "stopDate": "99991231"
                  },
                  {
                    "product": "PPO",
                    "marketType": "42",
                    "startDate": "20160326",
                    "stopDate": "99991231"
                  },
                  {
                    "product": "PPO",
                    "marketType": "78",
                    "startDate": "20160211",
                    "stopDate": "99991231"
                  },
                  {
                    "product": "PPO",
                    "marketType": "77",
                    "startDate": "20160211",
                    "stopDate": "99991231"
                  },
                  {
                    "product": "PPO",
                    "marketType": "64",
                    "startDate": "20141226",
                    "stopDate": "99991231"
                  },
                  {
                    "product": "PPO",
                    "marketType": "63",
                    "startDate": "20141226",
                    "stopDate": "99991231"
                  },
                  {
                    "product": "PPO",
                    "marketType": "69",
                    "startDate": "20140703",
                    "stopDate": "99991231"
                  },
                  {
                    "product": "PPO",
                    "marketType": "37",
                    "startDate": "20130415",
                    "stopDate": "99991231"
                  },
                  {
                    "product": "PPO",
                    "marketType": "50",
                    "startDate": "20130128",
                    "stopDate": "99991231"
                  },
                  {
                    "product": "PPO",
                    "marketType": "15",
                    "startDate": "20130128",
                    "stopDate": "99991231"
                  }
                ]
              },
              "zipCode": "60506"
            }
          ]
        },
        "name": "CHICAGO, IL",
        "number": "0012471"
      }
    ]
  },
  "sourceTransactions":{
    "003110482":{
        "transactionSetId": 78985,
        "id": 92013151,
        "fileTxnSequenceNumber": 4,
        "multiTransactionInd": " ",
        "typeCode": {
          "code": " ",
          "description": "REJECTED"
        },
        "typeText": "REJECTED",
        "reasonCode": "FL",
        "statusCode": {
          "code": "11",
          "description": "MAPPED"
        },
        "statusText": "MAPPED",
        "subscriber": {
          
		  "employmentStartDateAsGtwyDt":{
			"asString": "19990121",
            "asDate": "1999-01-21T01:27:38.000Z",
            "populationAttempted": true
		  },
          "memberList": {
            "list": []
          },
          "employeeRetirementDate": "",
          "mapperSubscriberId": "003110482",
          "coverageList": {
           
            "list": [
              {
                "effectivityStartDate": "20190601",
				"effectivityStartDateAsGtwyDt": {
						"asString": "20190601",
						"asDate": "2019-06-01",
						"populationAttempted": true
					  },
                "effectivityStopDateAsGtwyDt": {
					"asString": "20190630",
					"asDate": "2019-06-30",
					"populationAttempted": true
				  },
                "eligibilityPassportGroup": 0,
                "planVariationCode": "0003",
                "policyNumber": "0999151",
                "provider": {
                  "ipaNumber": "00001",
                  "locationSequenceNumber": "044",
                  "providerId": "001111111",
                  "startDate": "20160303",
                  "npinumber": "0000111111",
				  
                  "npientityType": -1
                },
                "reportingCode": "0003",
                "sequenceNumber": 1,
                "typeCode": "M",
				"cancelReason": "CD",
                "excludedCoverage": "N",
                "priorCoverageIndicator": "N",
                "cesGrpNum": "0999151",
                "dhpindicator": false
              }
            ]
          },
          "generatedCoverageList": {
           
            "list": []
          },
          "pvcCoverageList": {
           
            "list": []
          },
          
          "ageNumber": 0,
          "memberOrderSequence": 0,
          "birthDate": "",
		  "birthDateAsGtwyDt": {
            "asString": "19710316",
            "asDate": "1971-03-16",
            "populationAttempted": true
          },
          "birthSequenceNumber": 0,
          "cobSequenceNumber": 0,
          "dependentNumber": 0,
          "firstName": "SASI",
          "genderCode": "M",
          "notExcludedMember": true,
          "lastName": "PAVAN",
          "maritalStatusCode": "M",
          "socialSecurityNumber": "003112604",
          "cobIndicator": "Y",
          "ticRelationshipCode": "18",
          "transactionAddressList": {
            "list": [
              {
                "sequenceNumber": 1,
                "addressTypeCode": " ",
                "city": "AURORA",
                "country": "US",
                "postalCode": "60506",
                "stateCode": "IL",
                "streetAddress1": "123 MAIN STREET A",
                "mailCode": "E",
                "startDate": "",
                "FIELD_NAME_MEMBER_ID": "Member Id",
                "permanentIndicator": "Y"
              }
            ]
          },
          "policyAmtList": {
            "list": []
          },
          "brokerEntList": {
            "list": []
          },
          "documentSuppressList": {
            "list": []
          },
          "authResponsiblePartyList": {
            "list": []
          },
          "supplementalIdList": {
            "list": []
          },
          "consumerEINList": {
            "list": []
          },
          "medicareAStartDate": "",
          "medicareAStopDate": "",
          "medicareBStartDate": "",
          "medicareBStopDate": "",
          "sequenceNumber": 0,
          "medicareDStartDate": "",
          "medicareDStopDate": "",
          "cobLastUpdateDate": "",
          "transactionMemberCommentList": {
            "list": []
          },
         
          "ticOriginalEffectiveDate": "",
          "mapperTransactionId": 92013151,
          "mapperTransactionSetId": 78985,
          "mapperLastUpdateDateTime": "19912012",
          "mapperLastUpdateId": "20192816012811471345880",
          "possibleDuplicate": false,
          "possibleDuplicateDep": false,
          "duplicate": false,
          "reportList": {
            "list": []
          },
          "modifiedByRules": false,
          "eci300LogicalDelInd": false,
          "hmECI300LogicalDel": {},
          "isTxnAddressChanged": false,
          "isTxnAddressChangedRev": false
        },
        "customerNumber": "0999151",
        "eligibilitySystemCode": {
          "code": "8",
          "description": "CDB"
        },
        "employeeId": "003110482",
        "gatewayExpectedCount": 0,
        "gatewayUpdateRecordNumber": 0,
        "submissionGroupName": "IIBCERTC",
        "transactionIssueList": {
          "list": [{
          
          }]
        },
        "isDHPTransaction": false,
        "isPVCTransaction": false,
        "isRRTransaction": false,
        "exchangeTxn": false,
        "mapperTransactionType": {
          "code": "I",
          "description": "Inbound"
        },
        "thresholdIndicatorType": 0,
        "everAutoCancel": false
      }
  },
  "builtTransactionList":{
    "list": [
      {
        "transactionSetId": 78985,
        "id": 92013151,
        "fileTxnSequenceNumber": 4,
        "multiTransactionInd": " ",
        "typeCode": {
          "code": " ",
          "description": "REJECTED"
        },
        "typeText": "REJECTED",
        "reasonCode": "FL",
        "statusCode": {
          "code": "11",
          "description": "MAPPED"
        },
        "statusText": "MAPPED",
        "subscriber": {
		
          "employmentStartDate":"19990121",
		  "employmentStartDateAsGtwyDt":{
			"asString": "19990121",
            "asDate": "1999-01-21T01:27:38.000Z",
            "populationAttempted": true
		  },
          "memberList": {
            "list": []
          },
          "employeeRetirementDate": "",
          "mapperSubscriberId": "003110482",
          "coverageList": {
           
            "list": [
              {
                "effectivityStartDate": "20190601",
				"effectivityStartDateAsGtwyDt": {
						"asString": "20190601",
						"asDate": "2019-06-01",
						"populationAttempted": true
					  },
                "effectivityStopDate": "",
				"effectivityStopDateAsGtwyDt": {
					"asString": "20190630",
					"asDate": "2019-06-30",
					"populationAttempted": true
				  },
                "eligibilityPassportGroup": 0,
                "planVariationCode": "0003",
                "policyNumber": "0999151",
                "provider": {
                  "ipaNumber": "00001",
                  "locationSequenceNumber": "044",
                  "providerId": "001111111",
                  "startDate": "20160303",
                  "npinumber": "0000111111",
                  "npientityType": -1
                },
                "reportingCode": "0003",
                "sequenceNumber": 1,
                "typeCode": "M",
                "excludedCoverage": "N",
                "priorCoverageIndicator": "N",
                "cesGrpNum": "0999151",
                "dhpindicator": false
              }
            ]
          },
          "generatedCoverageList": {
           
            "list": []
          },
          "pvcCoverageList": {
           
            "list": []
          },
          
          "ageNumber": 0,
          "memberOrderSequence": 0,
          "birthDate": "",
		  "birthDateAsGtwyDt": {
            "asString": "19710316",
            "asDate": "1971-03-16",
            "populationAttempted": true
          },
          "birthSequenceNumber": 0,
          "cobSequenceNumber": 0,
          "dependentNumber": 0,
          "firstName": "SASI",
          "genderCode": "M",
          "notExcludedMember": true,
          "lastName": "PAVAN",
          "maritalStatusCode": "M",
          "socialSecurityNumber": "003112604",
          "cobIndicator": "Y",
          
          "ticRelationshipCode": "18",
          "transactionAddressList": {
            "list": [
              {
                "sequenceNumber": 1,
                "addressTypeCode": " ",
                "city": "AURORA",
                "country": "US",
                "postalCode": "60506",
                "stateCode": "IL",
                "streetAddress1": "123 MAIN STREET A",
                "mailCode": "E",
                "startDate": "",
                "FIELD_NAME_MEMBER_ID": "Member Id",
                "permanentIndicator": "Y"
              }
            ]
          },
          "policyAmtList": {
            "list": []
          },
          "brokerEntList": {
            "list": []
          },
          "documentSuppressList": {
            "list": []
          },
          "authResponsiblePartyList": {
            "list": []
          },
          "supplementalIdList": {
            "list": []
          },
          "consumerEINList": {
            "list": []
          },
          "medicareAStartDate": "",
          "medicareAStopDate": "",
          "medicareBStartDate": "",
          "medicareBStopDate": "",
          "sequenceNumber": 0,
          "medicareDStartDate": "",
          "medicareDStopDate": "",
          "cobLastUpdateDate": "",
          "transactionMemberCommentList": {
            "list": []
          },
         
          "ticOriginalEffectiveDate": "",
          "mapperTransactionId": 92013151,
          "mapperTransactionSetId": 78985,
          "mapperLastUpdateDateTime": "19912012",
          "mapperLastUpdateId": "20192816012811471345880",
          "possibleDuplicate": false,
          "possibleDuplicateDep": false,
          "duplicate": false,
          "reportList": {
            "list": []
          },
          "modifiedByRules": false,
          "eci300LogicalDelInd": false,
          "hmECI300LogicalDel": {},
          "isTxnAddressChanged": false,
          "isTxnAddressChangedRev": false
        },
        "customerNumber": "0999151",
        "eligibilitySystemCode": {
          "code": "8",
          "description": "CDB"
        },
        "employeeId": "003110482",
        "gatewayExpectedCount": 0,
        "gatewayUpdateRecordNumber": 0,
        "submissionGroupName": "IIBCERTC",
        "transactionIssueList": {
          "list": [{
          
          }]
        },
        "isDHPTransaction": false,
        "isPVCTransaction": false,
        "isRRTransaction": false,
        "exchangeTxn": false,
        "mapperTransactionType": {
          "code": "I",
          "description": "Inbound"
        },
        "thresholdIndicatorType": 0,
        "everAutoCancel": false
      }
    ]
  },
  "businessProcessId":20192816012811471345880
}